timestamp,portfolio_result,portfolio_http,portfolio_time,ha_result,ha_http,ha_time,quneva_result,quneva_http,quneva_time,ai_result,ai_http,ai_time,qstatus_result,qstatus_http,qstatus_time,finance_result,finance_http,finance_time
2026-07-12T15:27:04Z,up,200,0.195012,up,200,8.061137,up,200,0.150942,up,200,0.198733,up,200,0.114720,,,
2026-07-12T16:28:46Z,up,200,0.144677,up,200,0.629732,up,200,0.081503,up,200,0.198114,up,200,0.137893,,,
2026-07-12T17:34:46Z,up,200,0.186426,up,200,0.537763,up,200,0.174011,up,200,0.206247,up,200,0.205418,,,
2026-07-12T18:32:43Z,up,200,0.209751,up,200,0.585674,up,200,0.182201,up,200,0.113700,up,200,0.197470,,,
2026-07-12T19:46:45Z,up,200,0.288223,up,200,0.718545,up,200,0.244765,up,200,0.218862,up,200,0.269256,,,
2026-07-12T20:31:54Z,up,200,0.324112,up,200,0.636371,up,200,0.186954,up,200,0.183960,up,200,0.234549,,,
2026-07-12T21:29:06Z,up,200,0.103795,up,200,0.431797,up,200,0.185110,up,200,0.115902,up,200,0.130162,,,
2026-07-12T22:26:33Z,up,200,0.170941,up,200,0.592989,up,200,0.075859,up,200,0.140860,up,200,0.222650,,,
2026-07-12T23:27:37Z,up,200,0.241795,up,200,0.590441,up,200,0.138319,up,200,0.159706,up,200,0.250756,,,
2026-07-13T01:06:39Z,up,200,0.224195,up,200,0.800014,up,200,0.183395,up,200,0.191423,up,200,0.247577,,,
2026-07-13T04:42:51Z,up,200,0.134866,up,200,0.709245,up,200,0.150883,up,200,0.148586,up,200,0.084396,,,
2026-07-13T07:56:32Z,up,200,0.093576,up,200,0.697946,up,200,0.097665,up,200,0.088981,up,200,0.100774,,,
2026-07-13T11:14:44Z,up,200,0.190108,up,200,0.646221,up,200,0.177576,up,200,0.190478,up,200,0.180587,,,
2026-07-13T13:31:01Z,up,200,0.208518,up,200,0.620810,up,200,0.202898,up,200,0.230865,up,200,0.190791,,,
2026-07-13T16:10:04Z,up,200,0.376937,up,200,0.678179,up,200,0.174165,up,200,0.258654,up,200,0.206598,,,
2026-07-13T18:06:23Z,up,200,0.208320,up,200,0.545129,up,200,0.137589,up,200,0.233332,up,200,0.231742,,,
2026-07-13T19:45:23Z,up,200,0.123325,up,200,0.458491,up,200,0.124542,up,200,0.138402,up,200,0.134449,,,
2026-07-13T20:44:10Z,up,200,0.174551,up,200,0.715277,up,200,0.120010,up,200,0.159413,up,200,0.211799,,,
2026-07-13T21:38:27Z,up,200,0.757135,up,200,0.880183,up,200,0.183998,up,200,0.305856,up,200,0.165904,,,
2026-07-13T22:37:19Z,up,200,0.126398,up,200,0.453314,up,200,0.163033,up,200,0.117562,up,200,0.131596,,,
2026-07-13T23:33:04Z,up,200,0.191394,up,200,0.607152,up,200,0.146476,up,200,0.090904,up,200,0.122633,,,
2026-07-14T01:00:47Z,up,200,0.131494,up,200,0.522347,up,200,0.116563,up,200,0.119397,up,200,0.171130,,,
2026-07-14T04:14:07Z,up,200,0.202838,up,200,0.764350,up,200,0.178571,up,200,0.179393,up,200,0.222316,,,
2026-07-14T06:28:42Z,up,200,0.172304,up,200,0.722954,up,200,0.153227,up,200,0.165965,up,200,0.196827,,,
2026-07-14T08:38:07Z,up,200,0.278455,up,200,0.715934,up,200,0.187425,up,200,0.226128,up,200,0.219015,,,
2026-07-14T10:23:49Z,up,200,0.139069,up,200,0.502276,up,200,0.142195,up,200,0.227495,up,200,0.141529,,,
2026-07-14T11:53:33Z,up,200,0.155659,up,200,0.602636,up,200,0.106229,up,200,0.139463,up,200,0.153203,,,
2026-07-14T13:40:53Z,up,200,0.193564,up,200,0.811009,up,200,0.173616,up,200,0.158666,up,200,0.297762,,,
2026-07-14T15:12:22Z,up,200,0.117511,up,200,0.712536,up,200,0.089702,up,200,0.088162,up,200,0.092493,,,
2026-07-14T16:40:26Z,up,200,0.267634,up,200,0.746452,up,200,0.170150,up,200,0.254870,up,200,0.364670,,,
2026-07-14T17:50:51Z,up,200,0.221785,up,200,0.889249,up,200,0.649448,up,200,0.127344,up,200,0.167040,,,
2026-07-14T19:18:17Z,up,200,0.229457,up,200,0.651472,up,200,0.107887,up,200,0.215033,up,200,0.136179,,,
2026-07-14T20:33:45Z,up,200,0.249688,up,200,0.743631,up,200,0.231282,up,200,0.223052,up,200,0.233755,,,
2026-07-14T21:34:23Z,up,200,0.118300,up,200,0.533395,up,200,0.111400,up,200,0.136951,up,200,0.271273,,,
2026-07-14T22:35:54Z,up,200,0.128483,up,200,0.705372,up,200,0.089440,up,200,0.107545,up,200,0.123173,,,
2026-07-14T23:30:28Z,up,200,0.106464,up,200,0.648970,up,200,0.098606,up,200,0.104186,up,200,0.097422,,,
2026-07-15T00:57:28Z,up,200,0.151611,up,200,0.704188,up,200,0.082292,up,200,0.098776,up,200,0.150959,,,
2026-07-15T04:09:05Z,up,200,0.114964,up,200,0.494792,up,200,0.107699,up,200,0.118735,up,200,0.157362,,,
2026-07-15T06:27:24Z,up,200,0.218543,up,200,0.614270,up,200,0.153654,up,200,0.156634,up,200,0.179995,,,
2026-07-15T08:56:01Z,up,200,0.157494,up,200,0.712951,up,200,0.085752,up,200,0.290058,up,200,0.090566,,,
2026-07-15T10:51:24Z,up,200,0.107094,up,200,0.630624,up,200,0.085465,up,200,0.085914,up,200,0.094139,,,
2026-07-15T12:14:02Z,up,200,0.114944,up,200,0.598271,up,200,0.107875,up,200,0.170706,up,200,0.191818,,,
2026-07-15T14:14:06Z,up,200,0.192735,up,200,0.632151,up,200,0.224452,up,200,0.191604,up,200,0.162297,,,
2026-07-15T15:54:38Z,up,200,0.193962,up,200,0.734711,up,200,0.160717,up,200,0.149514,up,200,0.247072,,,
2026-07-15T17:16:16Z,up,200,0.289799,up,200,0.599159,up,200,0.177665,up,200,0.206485,up,200,0.189669,,,
2026-07-15T18:34:03Z,up,200,0.095484,up,200,0.714053,up,200,0.099003,up,200,0.149076,up,200,0.111468,,,
2026-07-15T19:48:49Z,up,200,0.181390,up,200,0.475887,up,200,0.132341,up,200,0.150588,up,200,0.169174,,,
2026-07-15T20:45:22Z,up,200,0.152284,up,200,0.544957,up,200,0.149449,up,200,0.192078,up,200,0.109183,,,
2026-07-15T21:42:06Z,up,200,0.154725,up,200,0.636674,up,200,0.165745,up,200,0.129806,up,200,0.166394,,,
2026-07-15T22:42:49Z,up,200,0.309495,up,200,0.608416,up,200,0.246924,up,200,0.194265,up,200,0.317811,,,
2026-07-15T23:43:38Z,up,200,0.186732,up,200,0.452236,up,200,0.104424,up,200,0.131930,up,200,0.090227,,,
2026-07-16T01:10:29Z,up,200,0.180794,up,200,0.544824,up,200,0.102798,up,200,0.177972,up,200,0.188426,,,
2026-07-16T04:28:04Z,up,200,0.172370,up,200,0.558270,up,200,0.148496,up,200,0.109224,up,200,0.139465,,,
2026-07-16T07:03:02Z,up,200,0.175584,up,200,0.911163,up,200,0.236545,up,200,0.164961,up,200,0.157888,,,
2026-07-16T09:24:20Z,up,200,0.096631,up,200,0.709480,up,200,0.090151,up,200,0.216326,up,200,0.097165,,,
2026-07-16T11:16:59Z,up,200,0.195820,up,200,0.489363,up,200,0.117052,up,200,0.134365,up,200,0.281807,,,
2026-07-16T12:53:58Z,up,200,0.143506,up,200,0.535703,up,200,0.108901,up,200,0.193414,up,200,0.213940,,,
2026-07-16T15:01:13Z,up,200,0.124192,up,200,0.608160,up,200,0.205694,up,200,0.115908,up,200,0.159767,,,
2026-07-16T16:38:35Z,up,200,0.183618,up,200,0.809229,up,200,0.157612,up,200,0.175335,up,200,0.231045,,,
2026-07-16T17:50:24Z,up,200,0.193430,up,200,0.562534,up,200,0.180095,up,200,0.097164,up,200,0.187038,,,
2026-07-16T19:08:38Z,up,200,0.104942,up,200,0.691182,up,200,0.095165,up,200,0.108529,up,200,0.175595,,,
2026-07-16T20:11:00Z,up,200,0.208787,up,200,0.710483,up,200,0.193880,up,200,0.309243,up,200,0.289329,,,
2026-07-16T21:27:06Z,up,200,0.154094,up,200,0.599500,up,200,0.159383,up,200,0.201236,up,200,0.152419,,,
2026-07-17T01:05:47Z,up,200,0.153565,up,200,0.721989,up,200,0.123648,up,200,0.102029,up,200,0.147193,,,
2026-07-17T04:20:20Z,up,200,0.130312,up,200,0.585329,up,200,0.115755,up,200,0.112596,up,200,0.193639,,,
2026-07-17T06:37:48Z,up,200,0.100571,up,200,0.736190,up,200,0.084589,up,200,0.094625,up,200,0.092504,,,
2026-07-17T08:55:45Z,up,200,0.288371,up,200,0.714343,up,200,0.136836,up,200,0.128530,up,200,0.211173,,,
2026-07-17T10:47:33Z,up,200,0.193161,up,200,0.523218,up,200,0.113099,up,200,0.139074,up,200,0.107034,,,
2026-07-17T12:00:12Z,up,200,0.173414,up,200,0.629535,up,200,0.072128,up,200,0.092071,up,200,0.104551,,,
2026-07-17T13:59:19Z,up,200,0.164234,up,200,0.558974,up,200,0.147902,up,200,0.190443,up,200,0.159430,,,
2026-07-17T15:21:24Z,up,200,0.267595,up,200,0.806395,up,200,0.161212,up,200,0.311591,up,200,0.230631,,,
2026-07-17T16:40:10Z,up,200,0.164164,up,200,0.551876,up,200,0.105448,up,200,0.212777,up,200,0.112276,,,
2026-07-17T17:49:24Z,up,200,0.109910,up,200,0.462653,up,200,0.191711,up,200,0.195259,up,200,0.133220,,,
2026-07-17T18:45:24Z,up,200,0.117603,up,200,0.636079,up,200,0.094716,up,200,0.103080,up,200,0.093065,,,
2026-07-17T19:52:15Z,up,200,0.138352,up,200,0.757648,up,200,0.111775,up,200,0.129709,up,200,0.152472,,,
2026-07-17T20:54:00Z,up,200,0.159920,up,200,0.710439,up,200,0.233465,up,200,0.276432,up,200,0.192808,,,
2026-07-17T21:53:00Z,up,200,0.119868,up,200,0.511221,up,200,0.106685,up,200,0.162478,up,200,0.185848,,,
2026-07-17T22:49:34Z,up,200,0.177969,up,200,0.722758,up,200,0.217803,up,200,0.225084,up,200,0.230641,,,
2026-07-17T23:38:25Z,up,200,0.157924,up,200,0.588768,up,200,0.217658,up,200,0.146601,up,200,0.247062,,,
2026-07-18T01:04:35Z,up,200,0.113400,up,200,0.616574,up,200,0.156891,up,200,0.138053,up,200,0.154644,,,
2026-07-18T04:11:59Z,up,200,0.128956,up,200,0.498140,up,200,0.160762,up,200,0.150028,up,200,0.113478,,,
2026-07-18T06:27:06Z,up,200,0.345747,up,200,0.656230,up,200,0.133239,up,200,0.172770,up,200,0.110822,,,
2026-07-18T08:19:11Z,up,200,0.201023,up,200,0.747121,up,200,0.130376,up,200,0.143539,up,200,0.178329,,,
2026-07-18T09:50:43Z,up,200,0.113185,up,200,0.725379,up,200,0.104233,up,200,0.147507,up,200,0.118984,,,
2026-07-18T11:02:24Z,up,200,0.158026,up,200,0.723263,up,200,0.153864,up,200,0.152036,up,200,0.128705,,,
2026-07-18T12:01:56Z,up,200,0.271280,up,200,0.639457,up,200,0.166460,up,200,0.236442,up,200,0.248166,,,
2026-07-18T13:43:53Z,up,200,0.092929,up,200,0.759530,up,200,0.078210,up,200,0.095575,up,200,0.103258,,,
2026-07-18T14:41:21Z,up,200,0.080860,up,200,0.711989,up,200,0.107682,up,200,0.274553,up,200,0.100638,,,
2026-07-18T15:40:13Z,up,200,0.112025,up,200,0.715315,up,200,0.096594,up,200,0.093213,up,200,0.095964,,,
2026-07-18T16:38:56Z,up,200,0.163735,up,200,0.703376,up,200,0.220794,up,200,0.152744,up,200,0.171127,,,
2026-07-18T17:39:59Z,up,200,0.191109,up,200,0.679582,up,200,0.155278,up,200,0.125021,up,200,0.196763,,,
2026-07-18T18:36:53Z,up,200,0.105459,up,200,0.748329,up,200,0.084730,up,200,0.088499,up,200,0.076212,,,
2026-07-18T19:49:21Z,up,200,0.099306,up,200,0.637033,up,200,0.095688,up,200,0.090407,up,200,0.139344,,,
2026-07-18T20:33:48Z,up,200,0.121690,up,200,0.600650,up,200,0.195787,up,200,0.113424,up,200,0.201568,,,
2026-07-18T21:31:31Z,up,200,0.210050,up,200,0.610666,up,200,0.206860,up,200,0.150075,up,200,0.233430,,,
2026-07-18T22:29:11Z,up,200,0.102919,up,200,0.737724,up,200,0.131923,up,200,0.169584,up,200,0.120744,,,
2026-07-18T23:31:41Z,up,200,0.128776,up,200,0.455641,up,200,0.110533,up,200,0.149482,up,200,0.132200,,,
2026-07-19T01:08:05Z,up,200,0.098942,up,200,0.719422,up,200,0.090834,up,200,0.093691,up,200,0.088837,,,
2026-07-19T04:33:13Z,up,200,0.159873,up,200,0.802302,up,200,0.184532,up,200,0.153327,up,200,0.164095,,,
2026-07-19T07:11:26Z,up,200,0.090936,up,200,0.638731,up,200,0.077141,up,200,0.090590,up,200,0.093253,,,
2026-07-19T09:20:26Z,up,200,0.162715,up,200,0.452669,up,200,0.093117,up,200,0.146591,up,200,0.107194,,,
2026-07-19T10:52:37Z,up,200,0.176830,up,200,0.627195,up,200,0.172674,up,200,0.189790,up,200,0.198378,,,
2026-07-19T12:04:16Z,up,200,0.179583,up,200,0.606901,up,200,0.148005,up,200,0.183505,up,200,0.157970,,,
2026-07-19T13:46:58Z,up,200,0.109101,up,200,0.544763,up,200,0.197285,up,200,0.184261,up,200,0.338608,,,
2026-07-19T13:49:48Z,up,200,0.172620,up,200,0.485160,up,200,0.088861,up,200,0.191737,up,200,0.135323,up,200,0.226013
2026-07-19T14:43:19Z,up,200,0.100985,up,200,0.672627,up,200,0.089524,up,200,0.133771,up,200,0.107890,up,200,0.080155
2026-07-19T15:42:07Z,up,200,0.218825,up,200,0.560852,up,200,0.097202,up,200,0.119751,up,200,0.103362,up,200,0.166361
2026-07-19T16:39:21Z,up,200,0.150065,up,200,0.517393,up,200,0.095057,up,200,0.149541,up,200,0.159808,up,200,0.146741
2026-07-19T17:44:13Z,up,200,0.156863,up,200,0.535114,up,200,0.098338,up,200,0.102432,up,200,0.160018,up,200,0.168710
2026-07-19T18:42:27Z,up,200,0.097788,up,200,0.738049,up,200,0.108777,up,200,0.098847,up,200,0.098118,up,200,0.090890
2026-07-19T19:58:15Z,up,200,0.098158,up,200,0.641494,up,200,0.108348,up,200,0.150035,up,200,0.182832,up,200,0.087679
2026-07-19T21:03:18Z,up,200,0.120778,up,200,0.647109,up,200,0.164121,up,200,0.237924,up,200,0.151523,up,200,0.230131
2026-07-19T22:04:18Z,up,200,0.182570,up,200,0.528508,up,200,0.093932,up,200,0.155483,up,200,0.200283,up,200,0.149237
2026-07-19T23:05:47Z,up,200,0.106893,up,200,0.697924,up,200,0.082776,up,200,0.208794,up,200,0.096675,up,200,0.173690
2026-07-20T00:08:16Z,up,200,0.102324,up,200,0.553394,up,200,0.093462,up,200,0.220918,up,200,0.128361,up,200,0.152537
2026-07-20T04:09:50Z,up,200,0.191505,up,200,0.777262,up,200,0.181357,up,200,0.282477,up,200,0.195073,up,200,0.321273
2026-07-20T07:35:18Z,up,200,0.176147,up,200,0.559726,up,200,0.103654,up,200,0.159838,up,200,0.232444,up,200,0.173440
2026-07-20T10:29:17Z,up,200,0.090133,up,200,0.645601,up,200,0.086209,up,200,0.116126,up,200,0.099299,up,200,0.093590
2026-07-20T12:35:32Z,up,200,0.149370,up,200,0.637890,up,200,0.145085,up,200,0.160002,up,200,0.208302,up,200,0.348483
2026-07-20T14:53:12Z,up,200,0.153593,up,200,0.732454,up,200,0.107146,up,200,0.130885,up,200,0.201167,up,200,0.142249
2026-07-20T16:41:01Z,up,200,0.129469,up,200,0.757506,up,200,0.111202,up,200,0.098858,up,200,0.185332,up,200,0.082934
2026-07-20T18:45:46Z,up,200,0.105184,up,200,0.553402,up,200,0.164421,up,200,0.116331,up,200,0.158247,up,200,0.209428
2026-07-20T20:14:13Z,up,200,0.106263,up,200,0.623492,up,200,0.077749,up,200,0.084768,up,200,0.359601,up,200,0.106194
2026-07-20T21:36:19Z,up,200,0.193867,up,200,0.641389,up,200,0.166378,up,200,0.204790,up,200,0.188863,up,200,0.180787
2026-07-20T22:35:15Z,up,200,0.206798,up,200,0.558060,up,200,0.129990,up,200,0.115445,up,200,0.117697,up,200,0.181713
2026-07-20T23:36:10Z,up,200,0.138602,up,200,0.545401,up,200,0.165587,up,200,0.204703,up,200,0.166476,up,200,0.108135
2026-07-21T01:04:41Z,up,200,0.279367,up,200,0.825445,up,200,0.266940,up,200,0.152271,up,200,0.228208,up,200,0.144370
2026-07-21T04:26:48Z,up,200,0.324237,up,200,0.797057,up,200,0.262380,up,200,0.201422,up,200,0.166927,up,200,0.235878
2026-07-21T05:39:05Z,up,200,0.102295,up,200,0.603300,up,200,0.141887,up,200,0.092361,up,200,0.158976,up,200,0.150595
2026-07-21T07:15:08Z,up,200,0.230509,up,200,1.815699,up,200,3.955450,up,200,0.616496,up,200,0.141757,up,200,0.254676
2026-07-21T09:44:21Z,up,200,0.154504,up,200,0.693510,up,200,0.127277,up,200,0.089736,up,200,0.137925,up,200,0.091993
2026-07-21T11:32:04Z,up,200,0.170548,up,200,0.752618,up,200,0.092266,up,200,0.108716,up,200,0.196004,up,200,0.099390
2026-07-21T13:00:38Z,up,200,0.138257,up,200,0.582911,up,200,0.159719,up,200,0.176243,up,200,0.230084,up,200,0.177321
2026-07-21T15:12:48Z,up,200,0.195029,up,200,0.622679,up,200,0.187989,up,200,0.116233,up,200,0.199415,up,200,0.197990
2026-07-21T16:49:00Z,up,200,0.094221,up,200,0.617099,up,200,0.113302,up,200,0.103747,up,200,0.169363,up,200,0.073701
2026-07-21T18:03:45Z,up,200,0.242482,up,200,0.709160,up,200,0.180446,up,200,0.163533,up,200,0.235285,up,200,0.195156
2026-07-21T19:46:28Z,up,200,0.116019,up,200,0.562408,up,200,0.161946,up,200,0.233250,up,200,0.198907,up,200,0.109253
2026-07-21T20:52:35Z,up,200,0.248692,up,200,0.806553,up,200,0.143170,up,200,0.121020,up,200,0.328756,up,200,0.133948
2026-07-21T22:09:37Z,up,200,0.201386,up,200,0.600994,up,200,0.147719,up,200,0.189170,up,200,0.119138,up,200,0.187280
2026-07-21T23:15:32Z,up,200,0.097150,up,200,0.709230,up,200,0.142771,up,200,0.094018,up,200,0.094855,up,200,0.093485
2026-07-22T00:11:30Z,up,200,0.098593,up,200,0.710515,up,200,0.077799,up,200,0.142979,up,200,0.100741,up,200,0.113694
2026-07-22T03:51:59Z,up,200,0.223881,up,200,0.780176,up,200,0.317219,up,200,0.281144,up,200,0.327414,up,200,0.245174
2026-07-22T06:21:00Z,up,200,0.108535,up,200,0.492378,up,200,0.143836,up,200,0.079554,up,200,0.109118,up,200,0.119595
2026-07-22T09:05:13Z,up,200,0.156620,up,200,0.520790,up,200,0.142549,up,200,0.086718,up,200,0.162951,up,200,0.114415
2026-07-22T11:17:04Z,up,200,0.087877,up,200,0.682325,up,200,0.090470,up,200,0.071162,up,200,0.144644,up,200,0.170951
2026-07-22T12:49:40Z,up,200,0.083165,up,200,0.588880,up,200,0.175376,up,200,0.155705,up,200,0.167216,up,200,0.102462
2026-07-22T14:49:36Z,up,200,0.152380,up,200,0.544948,up,200,0.255451,up,200,0.237597,up,200,0.142545,up,200,0.174190
2026-07-22T16:10:18Z,up,200,0.162758,up,200,0.617831,up,200,0.081768,up,200,0.094394,up,200,0.123182,up,200,0.096058
2026-07-22T17:44:24Z,up,200,0.276499,up,200,0.765217,up,200,0.302080,up,200,0.185802,up,200,0.139254,up,200,0.328157
2026-07-22T18:50:31Z,up,200,0.120798,up,200,0.691315,up,200,0.094032,up,200,0.139860,up,200,0.187185,up,200,0.231143
2026-07-22T20:03:37Z,up,200,0.289891,up,200,0.646325,up,200,0.106356,up,200,0.115261,up,200,0.134290,up,200,0.150470
2026-07-22T21:19:03Z,up,200,0.157587,up,200,0.616876,up,200,0.155633,up,200,0.202041,up,200,0.161638,up,200,0.227960
2026-07-22T22:29:12Z,up,200,0.097925,up,200,0.615840,up,200,0.137261,up,200,0.107356,up,200,0.080776,up,200,0.188453
2026-07-22T23:34:20Z,up,200,0.122756,up,200,0.481285,up,200,0.097029,up,200,0.187240,up,200,0.183805,up,200,0.175099
2026-07-23T01:07:20Z,up,200,0.227335,up,200,0.716587,up,200,0.150987,up,200,0.179785,up,200,0.225492,up,200,0.148308
2026-07-23T04:40:43Z,up,200,0.214182,up,200,0.628441,up,200,0.150920,up,200,0.237551,up,200,0.203632,up,200,0.341176
2026-07-23T07:24:33Z,up,200,0.228281,up,200,0.575435,up,200,0.211762,up,200,0.235817,up,200,0.176285,up,200,0.221496
2026-07-23T10:02:31Z,up,200,0.150739,up,200,0.763488,up,200,0.145922,up,200,0.261614,up,200,0.179678,up,200,0.153167
2026-07-23T11:59:13Z,up,200,0.096150,up,200,0.578392,up,200,0.131868,up,200,0.088206,up,200,0.096874,up,200,0.142716
2026-07-23T14:26:03Z,up,200,0.138040,up,200,0.779831,up,200,0.179676,up,200,0.307796,up,200,0.256874,up,200,0.150521
2026-07-23T16:10:58Z,up,200,0.117385,up,200,0.507845,up,200,0.163536,up,200,0.104262,up,200,0.198753,up,200,0.118873
2026-07-23T17:50:38Z,up,200,0.255730,up,200,0.644223,up,200,0.235036,up,200,0.237614,up,200,0.237905,up,200,0.214313
2026-07-23T18:54:30Z,up,200,0.108638,up,200,0.525636,up,200,0.152032,up,200,0.108250,up,200,0.130505,up,200,0.107807
2026-07-23T20:17:52Z,up,200,0.210243,up,200,0.708514,up,200,0.260679,up,200,0.156040,up,200,0.214809,up,200,0.306197
2026-07-23T21:31:18Z,up,200,0.117771,up,200,0.445886,up,200,0.161031,up,200,0.174760,up,200,0.171173,up,200,0.187294
2026-07-23T22:33:45Z,up,200,0.092882,up,200,0.617312,up,200,0.127820,up,200,0.113620,up,200,0.182378,up,200,0.165534
2026-07-23T23:32:49Z,up,200,0.101216,up,200,0.500652,up,200,0.139655,up,200,0.078772,up,200,0.105159,up,200,0.120562
2026-07-24T01:02:17Z,up,200,0.153545,up,200,0.449703,up,200,0.141694,up,200,0.102158,up,200,0.132093,up,200,0.158938
2026-07-24T04:24:59Z,up,200,0.166457,up,200,0.540863,up,200,0.148068,up,200,0.110180,up,200,0.173278,up,200,0.150062
2026-07-24T07:13:06Z,up,200,0.195134,up,200,0.647743,up,200,0.185553,up,200,0.218973,up,200,0.226123,up,200,0.246848
2026-07-24T09:39:03Z,up,200,0.207564,up,200,0.587405,up,200,0.113502,up,200,0.164444,up,200,0.172153,up,200,0.201848
2026-07-24T11:27:17Z,up,200,0.094268,up,200,0.741432,up,200,0.082955,up,200,0.094232,up,200,0.097138,up,200,0.149751
2026-07-24T13:04:39Z,up,200,0.294067,up,200,0.736811,up,200,0.336223,up,200,0.237480,up,200,0.188895,up,200,0.305443
2026-07-24T15:03:56Z,up,200,0.170613,up,200,0.491541,up,200,0.146592,up,200,0.165922,up,200,0.113587,up,200,0.155065
2026-07-24T16:53:30Z,up,200,0.165340,up,200,0.823704,up,200,0.422247,up,200,0.333410,up,200,0.457155,up,200,0.468224
2026-07-24T18:39:45Z,up,200,0.114589,up,200,0.783209,up,200,0.075321,up,200,0.100890,up,200,0.183226,up,200,0.183678
2026-07-24T20:05:43Z,up,200,0.087800,up,200,0.734060,up,200,0.162657,up,200,0.109071,up,200,0.079059,up,200,0.102833
2026-07-24T21:17:56Z,up,200,0.108776,up,200,0.671437,up,200,0.099883,up,200,0.097162,up,200,0.100272,up,200,0.094460
2026-07-24T22:31:02Z,up,200,0.200622,up,200,0.565086,up,200,0.178272,up,200,0.188027,up,200,0.184226,up,200,0.115400
2026-07-24T23:36:35Z,up,200,0.154589,up,200,0.513100,up,200,0.105807,up,200,0.161360,up,200,0.128637,up,200,0.166652
2026-07-25T01:07:46Z,up,200,0.176752,up,200,0.494935,up,200,0.170449,up,200,0.176985,up,200,0.207736,up,200,0.117523
2026-07-25T04:32:44Z,up,200,0.215813,up,200,0.650807,up,200,0.159597,up,200,0.169977,up,200,0.197508,up,200,0.297333
2026-07-25T06:59:04Z,up,200,0.183757,up,200,0.606381,up,200,0.170832,up,200,0.107235,up,200,0.124120,up,200,0.101267
2026-07-25T09:07:56Z,up,200,0.087205,up,200,0.603748,up,200,0.123345,up,200,0.108239,up,200,0.102371,up,200,0.105136
2026-07-25T10:47:56Z,up,200,0.238859,up,200,0.611153,up,200,0.131473,up,200,0.143193,up,200,0.256459,up,200,0.182698
2026-07-25T11:53:16Z,up,200,0.082503,up,200,0.689321,up,200,0.078872,up,200,0.080262,up,200,0.108834,up,200,0.103634
2026-07-25T13:56:11Z,up,200,0.129520,up,200,0.725636,up,200,0.110305,up,200,0.125425,up,200,0.174675,up,200,0.167177
2026-07-25T15:14:59Z,up,200,0.157882,up,200,0.818379,up,200,0.118563,up,200,0.169706,up,200,0.258609,up,200,0.244598
2026-07-25T16:14:47Z,up,200,0.103747,up,200,0.662575,up,200,0.086211,up,200,0.091961,up,200,0.083425,up,200,0.084704
2026-07-25T17:26:09Z,up,200,0.085453,up,200,0.527147,up,200,0.083071,up,200,0.152297,up,200,0.196627,up,200,0.171729
2026-07-25T18:32:09Z,up,200,0.130355,up,200,0.828905,up,200,0.172184,up,200,0.144147,up,200,0.405767,up,200,0.265757
2026-07-25T19:48:43Z,up,200,0.103623,up,200,0.614359,up,200,0.073648,up,200,0.081400,up,200,0.180746,up,200,0.149187
2026-07-25T20:36:59Z,up,200,0.180692,up,200,0.709160,up,200,0.161822,up,200,0.146729,up,200,0.140961,up,200,0.167402
2026-07-25T21:33:16Z,up,200,0.118160,up,200,0.558929,up,200,0.103545,up,200,0.164981,up,200,0.180135,up,200,0.111097
2026-07-25T22:31:59Z,up,200,0.075997,up,200,0.451597,up,200,0.150649,up,200,0.151737,up,200,0.158212,up,200,0.113062
2026-07-25T23:36:14Z,up,200,0.165427,up,200,0.528779,up,200,0.140083,up,200,0.096611,up,200,0.104275,up,200,0.088906
2026-07-26T01:12:22Z,up,200,0.099709,up,200,0.536475,up,200,0.155571,up,200,0.162234,up,200,0.129518,up,200,0.152761
2026-07-26T04:46:51Z,up,200,0.179099,up,200,0.792043,up,200,0.167387,up,200,0.151866,up,200,0.167675,up,200,0.163524
2026-07-26T07:26:40Z,up,200,0.203269,up,200,0.512934,up,200,0.183488,up,200,0.243596,up,200,0.164276,up,200,0.135161
2026-07-26T09:37:11Z,up,200,0.107041,up,200,0.513117,up,200,0.096157,up,200,0.129272,up,200,0.130423,up,200,0.104913
2026-07-26T11:10:14Z,up,200,0.168839,up,200,0.479535,up,200,0.109209,up,200,0.171462,up,200,0.188114,up,200,0.095473
2026-07-26T12:33:26Z,up,200,0.113408,up,200,0.645509,up,200,0.180385,up,200,0.102739,up,200,0.119548,up,200,0.189109
2026-07-26T14:11:49Z,up,200,0.119580,up,200,0.599611,up,200,0.156954,up,200,0.078731,up,200,0.154380,up,200,0.167895
2026-07-26T15:33:35Z,up,200,0.091337,up,200,0.696301,up,200,0.082941,up,200,0.091711,up,200,0.105443,up,200,0.090840
2026-07-26T16:32:05Z,up,200,0.087519,up,200,0.746730,up,200,0.088478,up,200,0.103207,up,200,0.103661,up,200,0.136457
2026-07-26T17:38:29Z,up,200,0.141061,up,200,0.695033,up,200,0.142646,up,200,0.149493,up,200,0.244812,up,200,0.241959
2026-07-26T18:46:00Z,up,200,0.140782,up,200,0.717683,up,200,0.121898,up,200,0.159868,up,200,0.205646,up,200,0.117846
2026-07-26T19:59:18Z,up,200,0.148506,up,200,0.545448,up,200,0.089996,up,200,0.097921,up,200,0.119424,up,200,0.167067
2026-07-26T21:08:09Z,up,200,0.146715,up,200,0.612338,up,200,0.149318,up,200,0.170408,up,200,0.212680,up,200,0.266655
2026-07-26T22:16:03Z,up,200,0.075507,up,200,0.544984,up,200,0.149137,up,200,0.108164,up,200,0.161060,up,200,0.147886
2026-07-26T23:16:12Z,up,200,0.187195,up,200,0.733669,up,200,0.168800,up,200,0.214225,up,200,0.239968,up,200,0.209891
2026-07-27T00:16:24Z,up,200,0.178110,up,200,0.612874,up,200,0.106751,up,200,0.161257,up,200,0.180139,up,200,0.187501
2026-07-27T04:08:41Z,up,200,0.110990,up,200,0.730136,up,200,0.162597,up,200,0.118671,up,200,0.210204,up,200,0.108787
2026-07-27T07:56:50Z,up,200,0.231349,up,200,0.713114,up,200,0.123895,up,200,0.160563,up,200,0.161606,up,200,0.138189
2026-07-27T11:35:24Z,up,200,0.189563,up,200,0.522885,up,200,0.173664,up,200,0.191384,up,200,0.125600,up,200,0.186972
2026-07-27T13:56:21Z,up,200,0.198148,up,200,0.647976,up,200,0.214455,up,200,0.210353,up,200,0.133768,up,200,0.185141
2026-07-27T16:30:03Z,up,200,0.226126,up,200,0.709792,up,200,0.183469,up,200,0.207359,up,200,0.256317,up,200,0.176966
2026-07-27T18:09:07Z,up,200,0.172887,up,200,0.718069,up,200,0.118152,up,200,0.159925,up,200,0.326136,up,200,0.239853
2026-07-27T19:59:41Z,up,200,0.153266,up,200,0.627431,up,200,0.123371,up,200,0.096346,up,200,0.151922,up,200,0.128527
2026-07-27T21:20:21Z,up,200,0.256701,up,200,13.752833,up,200,0.244061,up,200,0.173976,up,200,0.225994,up,200,0.151695
2026-07-27T22:31:04Z,up,200,0.213213,up,200,0.681025,up,200,0.207517,up,200,0.238116,up,200,0.281745,up,200,0.194880
2026-07-27T23:40:04Z,up,200,0.151151,up,200,0.424493,up,200,0.095386,up,200,0.123850,up,200,0.155744,up,200,0.096795
2026-07-28T01:09:34Z,up,200,0.121395,up,200,0.755349,up,200,0.107993,up,200,0.088133,up,200,0.173469,up,200,0.133087
2026-07-28T04:30:59Z,up,200,0.116107,up,200,0.508554,up,200,0.152878,up,200,0.130682,up,200,0.180822,up,200,0.124013
2026-07-28T07:20:06Z,up,200,0.138804,up,200,0.579873,up,200,0.093383,up,200,0.098138,up,200,0.079643,up,200,0.082687
2026-07-28T10:00:37Z,up,200,0.136411,up,200,0.515896,up,200,0.095897,up,200,0.125980,up,200,0.142030,up,200,0.105741
2026-07-28T12:06:01Z,up,200,0.084991,up,200,0.402781,up,200,0.109785,up,200,0.101007,up,200,0.144500,up,200,0.100388
2026-07-28T14:32:08Z,up,200,0.118170,up,200,0.723656,up,200,0.108578,up,200,0.130014,up,200,0.124592,up,200,0.125006
2026-07-28T16:20:10Z,up,200,0.251761,up,200,0.754790,up,200,0.201296,up,200,0.179794,up,200,0.229158,up,200,0.488357
2026-07-28T17:48:49Z,up,200,0.119755,up,200,0.404279,up,200,0.101405,up,200,0.114293,up,200,0.113383,up,200,0.155446
2026-07-28T18:59:06Z,up,200,0.133152,up,200,0.621169,up,200,0.091203,up,200,0.096076,up,200,0.230580,up,200,0.175290
2026-07-28T20:22:24Z,up,200,0.152707,up,200,0.600491,up,200,0.180202,up,200,0.124732,up,200,0.219908,up,200,0.175109
2026-07-28T21:43:47Z,up,200,0.170472,up,200,0.478882,up,200,0.186784,up,200,0.106232,up,200,0.120138,up,200,0.090131
2026-07-28T22:44:50Z,up,200,0.121436,up,200,0.762594,up,200,0.134016,up,200,0.103677,up,200,0.124442,up,200,0.121555
2026-07-28T23:44:58Z,up,200,0.175184,up,200,0.651711,up,200,0.155881,up,200,0.197322,up,200,0.195270,up,200,0.198178
2026-07-29T01:13:02Z,up,200,0.103775,up,200,0.617852,up,200,0.104572,up,200,0.162677,up,200,0.110068,up,200,0.207156
2026-07-29T04:35:42Z,up,200,0.170821,up,200,0.464442,up,200,0.101695,up,200,0.124351,up,200,0.101352,up,200,0.119297
2026-07-29T07:26:44Z,up,200,0.112221,up,200,0.660295,up,200,0.216600,up,200,0.220132,up,200,0.123012,up,200,0.111349
2026-07-29T10:14:26Z,up,200,0.286274,up,200,1.013584,up,200,0.334458,up,200,0.313312,up,200,0.385612,up,200,0.319369
2026-07-29T12:24:48Z,up,200,0.149352,up,200,0.461186,up,200,0.147988,up,200,0.082994,up,200,0.113016,up,200,0.145211
2026-07-29T14:55:36Z,up,200,0.193675,up,200,0.649193,up,200,0.168465,up,200,0.210458,up,200,0.218958,up,200,0.193719
2026-07-29T16:37:13Z,up,200,0.166239,up,200,0.718607,up,200,0.106070,up,200,0.126469,up,200,0.123716,up,200,0.139544
2026-07-29T17:53:05Z,up,200,0.191246,up,200,0.813260,up,200,0.224313,up,200,0.388542,up,200,0.237254,up,200,0.354436
2026-07-29T19:38:30Z,up,200,0.491120,up,200,0.911237,up,200,0.383373,up,200,0.430797,up,200,0.890611,up,200,0.602156
2026-07-29T20:39:38Z,up,200,0.163488,up,200,0.579918,up,200,0.084186,up,200,0.114166,up,200,0.102332,up,200,0.151783
2026-07-29T21:41:22Z,up,200,0.335508,up,200,0.748213,up,200,0.185990,up,200,0.206422,up,200,0.269432,up,200,0.182390
2026-07-29T22:42:44Z,up,200,0.174722,up,200,0.651502,up,200,0.118084,up,200,0.303519,up,200,0.255532,up,200,0.225765
2026-07-29T23:46:34Z,up,200,0.137209,up,200,0.725765,up,200,0.137024,up,200,0.126752,up,200,0.167801,up,200,0.156802
2026-07-30T01:05:16Z,up,200,0.146088,up,200,0.740392,up,200,0.107444,up,200,0.121041,up,200,0.160389,up,200,0.109002
2026-07-30T04:15:51Z,up,200,0.128543,up,200,0.544100,up,200,0.093806,up,200,0.096236,up,200,0.111753,up,200,0.152560
2026-07-30T06:45:22Z,up,200,0.157234,up,200,0.579715,up,200,0.231705,up,200,0.253711,up,200,0.260962,up,200,0.284148
2026-07-30T09:21:20Z,up,200,0.147795,up,200,0.551687,up,200,0.086540,up,200,0.108439,up,200,0.104749,up,200,0.102694
2026-07-30T11:26:15Z,up,200,0.231536,up,200,0.702032,up,200,0.225687,up,200,0.170165,up,200,0.231294,up,200,0.239713
2026-07-30T13:11:11Z,up,200,0.159765,up,200,0.669455,up,200,0.158068,up,200,0.139300,up,200,0.165846,up,200,0.163475
2026-07-30T15:26:40Z,up,200,0.262865,up,200,0.684412,up,200,0.242499,up,200,0.229639,up,200,0.281705,up,200,0.178750
2026-07-30T17:06:20Z,up,200,0.141100,up,200,0.618205,up,200,0.143409,up,200,0.326658,up,200,0.176181,up,200,0.166127
2026-07-30T18:42:06Z,up,200,0.107688,up,200,0.556624,up,200,0.125493,up,200,0.123552,up,200,0.180536,up,200,0.158540
2026-07-30T20:07:53Z,up,200,0.118956,up,200,0.667349,up,200,0.138719,up,200,0.124675,up,200,0.248992,up,200,0.220212
2026-07-30T21:36:00Z,up,200,0.186427,up,200,0.665400,up,200,0.144049,up,200,0.208159,up,200,0.248370,up,200,0.188350
2026-07-30T22:44:14Z,up,200,0.099330,up,200,0.567529,up,200,0.141318,up,200,0.150112,up,200,0.168685,up,200,0.118258
2026-07-30T23:45:21Z,up,200,0.184110,up,200,0.506778,up,200,0.073714,up,200,0.170493,up,200,0.165090,up,200,0.158727
2026-07-31T01:17:34Z,up,200,0.211801,up,200,0.539557,up,200,0.192644,up,200,0.131877,up,200,0.092901,up,200,0.145616
2026-07-31T04:47:45Z,up,200,0.232503,up,200,0.520490,up,200,0.157712,up,200,0.150017,up,200,0.212885,up,200,0.143776
2026-07-31T07:40:02Z,up,200,0.106457,up,200,0.547255,up,200,0.154825,up,200,0.157507,up,200,0.161203,up,200,0.175895
2026-07-31T10:21:51Z,up,200,0.098363,up,200,0.763016,up,200,0.110832,up,200,0.094371,up,200,0.132872,up,200,0.092366
2026-07-31T12:24:27Z,up,200,0.191541,up,200,0.556247,up,200,0.175963,up,200,0.125604,up,200,0.109779,up,200,0.187647
2026-07-31T15:04:52Z,up,200,0.118208,up,200,0.673718,up,200,0.124277,up,200,0.194545,up,200,0.166345,up,200,0.130165
2026-07-31T16:53:30Z,up,200,0.119676,up,200,0.650292,up,200,0.098971,up,200,0.195174,up,200,0.211091,up,200,0.188966
2026-07-31T18:40:21Z,up,200,0.196841,up,200,0.686741,up,200,0.135425,up,200,0.203197,up,200,0.143786,up,200,0.297746
2026-07-31T20:11:59Z,up,200,0.267141,up,200,0.689298,up,200,0.179291,up,200,0.139738,up,200,0.281029,up,200,0.250319
